AminoAcid	Symbol	Codon	No.	RSCU
*	Ter	UAA	2	1
*	Ter	UAG	2	1
*	Ter	UGA	2	1
A	Ala	GCA	103	1.0757
A	Ala	GCC	120	1.2533
A	Ala	GCG	40	0.4178
A	Ala	GCU	120	1.2533
C	Cys	UGC	72	1.0286
C	Cys	UGU	68	0.9714
D	Asp	GAC	179	0.9598
D	Asp	GAU	194	1.0402
E	Glu	GAA	215	1.1436
E	Glu	GAG	161	0.8564
F	Phe	UUC	142	0.9793
F	Phe	UUU	148	1.0207
G	Gly	GGA	1075	1.527
G	Gly	GGC	581	0.8253
G	Gly	GGG	524	0.7443
G	Gly	GGU	636	0.9034
H	His	CAC	74	1.265
H	His	CAU	43	0.735
I	Ile	AUA	89	0.7762
I	Ile	AUC	122	1.064
I	Ile	AUU	133	1.1599
K	Lys	AAA	323	1.2328
K	Lys	AAG	201	0.7672
L	Leu	CUA	51	0.47
L	Leu	CUC	136	1.2535
L	Leu	CUG	169	1.5576
L	Leu	CUU	126	1.1613
L	Leu	UUA	71	0.6544
L	Leu	UUG	98	0.9032
M	Met	AUG	162	1
N	Asn	AAC	62	0.9254
N	Asn	AAU	72	1.0746
P	Pro	CCA	814	1.6723
P	Pro	CCC	296	0.6081
P	Pro	CCG	106	0.2178
P	Pro	CCU	731	1.5018
Q	Gln	CAA	162	0.8733
Q	Gln	CAG	209	1.1267
R	Arg	AGA	143	2.4942
R	Arg	AGG	51	0.8895
R	Arg	CGA	39	0.6802
R	Arg	CGC	40	0.6977
R	Arg	CGG	33	0.5756
R	Arg	CGU	38	0.6628
S	Ser	AGC	82	1.0909
S	Ser	AGU	85	1.1308
S	Ser	UCA	90	1.1973
S	Ser	UCC	80	1.0643
S	Ser	UCG	11	0.1463
S	Ser	UCU	103	1.3703
T	Thr	ACA	93	1.3238
T	Thr	ACC	80	1.1388
T	Thr	ACG	30	0.427
T	Thr	ACU	78	1.1103
V	Val	GUA	43	0.63
V	Val	GUC	46	0.674
V	Val	GUG	104	1.5238
V	Val	GUU	80	1.1722
W	Trp	UGG	44	1
Y	Tyr	UAC	64	1.113
Y	Tyr	UAU	51	0.887
